"","Pclass","rate"
"1",1,65.5913978494624
"2",2,47.9768786127168
"3",3,23.943661971831
